{"__v":0,"_id":{"$oid":"5e0a4cdc59245c4314b85637"},"count":3,"field":"user_id","groupingField":"","model":"user_data"}
{"__v":0,"_id":{"$oid":"5e0e07f5354b412360c6193b"},"count":1,"field":"user_id","groupingField":"","model":"user_datas"}
{"__v":0,"_id":{"$oid":"5e0e089fa772da294c780274"},"count":1,"field":"user_id","groupingField":"","model":"user"}
{"__v":0,"_id":{"$oid":"5e0e0924be834f3478904f8f"},"count":2,"field":"user_id","groupingField":"","model":"users"}
{"__v":0,"_id":{"$oid":"5e0e0970b6c71d06b4aed82b"},"count":6,"field":"place_id","groupingField":"","model":"places"}
