{"__v":0,"_id":{"$oid":"5e0e0af19fed553950bef83b"},"city":"Ahmedabad","created_by":2,"created_on":{"$date":"2020-01-02T15:23:29.703Z"},"location":"23.0225° N, 72.5714° E","name":"Mocha cafe","pincode":"360005","place_id":{"$numberLong":"5"},"ratings":3}
{"__v":0,"_id":{"$oid":"5e0e0c818ea4752e541107a5"},"city":"Rajkot","created_by":2,"created_on":{"$date":"2020-01-02T15:30:09.918Z"},"location":"22.3039° N, 70.8022° E","name":"Patidar chowk","pincode":"360055","place_id":{"$numberLong":"6"},"ratings":5}
